,t1,t2,t3,t4,energy,old duration,lost,dead,duration
0,1,4,5,1,65975.44470165635,15022,0,100000000000000,10
1,1,5,8796,1,65977.09845165633,23813,0,100000000000000,8802
2,1,5,4518,1,65977.43244912509,19535,0,100000000000000,4524
3,1,7,14420,1,65978.71349981258,29437,0,100000000000000,14428
4,1,7,7940,1,65979.59219709382,22957,0,100000000000000,7948
5,1,9,13098,1,65980.82734056258,28115,0,100000000000000,13108
6,1,9,2211,1,65980.82734056258,17228,0,100000000000000,2221
7,6,9,14564,0,65980.92266309384,28092,0,100000000000000,14579
8,5,9,11293,0,65981.15728690634,19236,0,100000000000000,11307
9,6,9,15609,0,65983.83934293756,28605,0,100000000000000,15624
10,7,9,15609,0,65984.37046506256,24304,0,100000000000000,15625
11,2,5,12321,0,65984.82933306256,27339,0,100000000000000,12328
12,2,7,12846,1,65985.01622625004,27864,0,100000000000000,12855
13,7,9,15609,0,65985.1999785313,19923,0,100000000000000,15625
14,7,9,6509,0,65985.56843631256,25640,0,100000000000000,6525
15,3,1,14374,1,65985.61995871883,29393,0,100000000000000,14378
16,6,9,8718,0,65985.75988171881,16644,0,100000000000000,8733
17,6,9,8330,0,65986.34757850003,16791,0,100000000000000,8345
18,2,8,13,1,65986.43803556255,15031,0,100000000000000,23
19,7,9,10095,0,65986.85088646879,27018,0,100000000000000,10111
20,2,6,6013,0,65987.01153268755,21031,0,100000000000000,6021
21,2,8,15617,1,65987.20381650004,30635,0,100000000000000,15627
22,2,8,13074,1,65987.20386018754,28092,0,100000000000000,13084
23,6,9,12153,0,65987.31951553129,25683,0,100000000000000,12168
24,2,9,12482,1,65988.20566493754,27500,0,100000000000000,12493
25,3,3,2176,1,65989.7487300313,17195,0,100000000000000,2182
26,3,5,10263,1,65990.23859225004,25282,0,100000000000000,10271
27,3,8,7187,1,65990.97040690629,22206,0,100000000000000,7198
28,6,9,4435,0,65991.08291031253,24360,0,100000000000000,4450
29,3,6,8332,1,65991.21119468752,23351,0,100000000000000,8341
30,5,2,541,1,65991.3625044688,15562,0,100000000000000,548
31,3,9,3679,1,65991.36554806253,18698,0,100000000000000,3691
32,3,9,7287,0,65991.37892378129,22306,0,100000000000000,7299
33,3,9,15613,0,65991.38253656252,30632,0,100000000000000,15625
34,5,9,15611,0,65991.45870375003,17742,0,100000000000000,15625
35,3,7,10128,0,65991.54207253129,25147,0,100000000000000,10138
36,3,9,5206,0,65992.01415275002,20225,0,100000000000000,5218
37,3,6,810,1,65992.21191806253,15829,0,100000000000000,819
38,3,9,7125,0,65992.22435809378,22144,0,100000000000000,7137
39,3,6,7914,1,65992.34425662503,22933,0,100000000000000,7923
40,5,1,15619,0,65992.54861575001,30640,0,100000000000000,15625
41,7,9,15609,0,65992.55426993754,30405,0,100000000000000,15625
42,3,8,7473,1,65992.55448437502,22492,0,100000000000000,7484
43,4,2,11340,0,65992.61001987504,26360,0,100000000000000,11346
44,6,9,7041,0,65992.72694746878,18129,0,100000000000000,7056
45,3,9,10519,0,65992.85819746878,25538,0,100000000000000,10531
46,3,9,6874,0,65992.85819746878,21893,0,100000000000000,6886
47,3,9,10265,0,65992.85843506253,25284,0,100000000000000,10277
48,3,9,15192,0,65992.85936278128,30211,0,100000000000000,15204
49,3,9,15611,0,65992.85977153128,30630,0,100000000000000,15623
50,5,9,14,0,65992.86047378129,17655,0,100000000000000,28
51,3,9,533,0,65992.86204784378,15552,0,100000000000000,545
52,3,9,13961,0,65992.86319984376,28980,0,100000000000000,13973
53,5,1,9086,0,65992.98386481253,24107,0,100000000000000,9092
54,3,9,6513,0,65993.06955481252,21532,0,100000000000000,6525
55,3,9,1853,0,65993.07183112501,16872,0,100000000000000,1865
56,4,2,3478,1,65993.12316959379,18498,0,100000000000000,3484
57,7,1,9286,0,65993.20038728126,24309,0,100000000000000,9294
58,3,7,13940,1,65993.42506418753,28959,0,100000000000000,13950
59,3,9,15611,0,65993.70363178127,30630,0,100000000000000,15623
60,3,9,12,0,65993.70363178127,15031,0,100000000000000,24
61,3,9,6884,0,65993.70363178127,21903,0,100000000000000,6896
62,3,9,12,0,65993.70364509377,15031,0,100000000000000,24
63,3,9,9291,0,65993.70478378129,24310,0,100000000000000,9303
64,3,9,4526,0,65993.70478378129,19545,0,100000000000000,4538
65,6,4,8581,1,65993.72500675001,23603,0,100000000000000,8591
66,7,9,11295,0,65993.86979937501,29302,0,100000000000000,11311
67,5,2,8423,0,65994.03174590626,23444,0,100000000000000,8430
68,7,2,9305,0,65994.09199496875,24328,0,100000000000000,9314
69,5,2,14380,0,65994.25265753128,29401,0,100000000000000,14387
70,7,2,11530,0,65994.29797118752,26553,0,100000000000000,11539
71,5,3,7119,1,65994.59767765627,22140,0,100000000000000,7127
72,5,3,15617,0,65994.92695834376,30638,0,100000000000000,15625
73,4,3,7129,1,65994.93420778128,22149,0,100000000000000,7136
74,7,5,13217,0,65995.02870375001,28240,0,100000000000000,13229
75,7,3,8328,0,65995.14193600001,23351,0,100000000000000,8338
76,7,9,1014,0,65995.297173375,21063,0,100000000000000,1030
77,5,3,4476,0,65995.43069056251,19497,0,100000000000000,4484
78,6,3,15295,0,65995.48665809378,30317,0,100000000000000,15304
79,6,6,6452,1,65995.87749990627,21474,0,100000000000000,6464
80,5,6,15614,1,65996.00874990626,30635,0,100000000000000,15625
81,6,4,9455,0,65996.13699434377,24477,0,100000000000000,9465
82,4,7,11,1,65996.18909171878,15031,0,100000000000000,22
83,7,6,15612,1,65996.21874990626,30635,0,100000000000000,15625
84,6,4,14110,0,65996.2487274375,29132,0,100000000000000,14120
85,5,4,15386,1,65996.27698003125,30407,0,100000000000000,15395
86,6,4,13444,1,65996.33361784376,28466,0,100000000000000,13454
87,5,4,9,1,65996.38678434376,15030,0,100000000000000,18
88,5,6,15166,0,65996.39370375,30187,0,100000000000000,15177
89,6,9,12153,0,65996.412308875,15213,0,100000000000000,12168
90,7,9,10265,0,65996.44954728126,19070,0,100000000000000,10281
91,7,4,11,0,65996.44974768751,15034,0,100000000000000,22
92,6,4,6962,0,65996.50224084378,21984,0,100000000000000,6972
93,5,4,9,1,65996.53881581253,15030,0,100000000000000,18
94,7,4,11,0,65996.63032828126,15034,0,100000000000000,22
95,6,4,15615,0,65996.6866416875,30637,0,100000000000000,15625
96,5,4,15616,0,65996.87059209376,30637,0,100000000000000,15625
97,4,5,9,1,65996.96244525,15029,0,100000000000000,18
98,6,7,3474,1,65997.05874990625,18496,0,100000000000000,3487
99,6,7,15612,0,65997.18120603128,30634,0,100000000000000,15625
100,4,5,14534,0,65997.238788625,29554,0,100000000000000,14543
101,7,7,6871,0,65997.23940915625,21894,0,100000000000000,6885
102,7,7,10117,1,65997.3737613125,25140,0,100000000000000,10131
103,4,6,12554,1,65997.4025316875,27574,0,100000000000000,12564
104,5,9,15611,0,65997.42594453125,28240,0,100000000000000,15625
105,4,6,12092,1,65997.53295321875,27112,0,100000000000000,12102
106,7,5,12,0,65997.68733475,15035,0,100000000000000,24
107,6,5,9420,1,65997.69022246875,24442,0,100000000000000,9431
108,6,5,5976,0,65997.71172096874,20998,0,100000000000000,5987
109,6,5,3313,0,65997.712189,18335,0,100000000000000,3324
110,5,5,7555,0,65997.71762559378,22576,0,100000000000000,7565
111,6,5,4656,0,65997.76309437501,19678,0,100000000000000,4667
112,7,9,11213,0,65997.82966059375,21984,0,100000000000000,11229
113,6,5,15614,1,65997.8844186875,30636,0,100000000000000,15625
114,4,8,15610,1,65997.95355815624,30630,0,100000000000000,15622
115,4,6,1387,1,65998.01149396876,16407,0,100000000000000,1397
116,6,8,5505,0,65998.02120375,20527,0,100000000000000,5519
117,7,9,10571,0,65998.027173375,22721,0,100000000000000,10587
118,4,9,8843,1,65998.11241740626,23863,0,100000000000000,8856
119,4,6,10,1,65998.14347171875,15030,0,100000000000000,20
120,4,7,15356,1,65998.22108371874,30376,0,100000000000000,15367
121,6,8,9641,1,65998.23999990626,24663,0,100000000000000,9655
122,4,7,410,0,65998.262075125,15430,0,100000000000000,421
123,4,7,1041,1,65998.27243171874,16061,0,100000000000000,1052
124,4,7,15614,0,65998.29282609372,30634,0,100000000000000,15625
125,4,7,9396,1,65998.30003640625,24416,0,100000000000000,9407
126,4,9,8270,1,65998.3184355,23290,0,100000000000000,8283
127,6,8,15611,1,65998.35526325,30633,0,100000000000000,15625
128,5,8,5774,1,65998.375810125,20795,0,100000000000000,5787
129,4,8,12,1,65998.40528959375,15032,0,100000000000000,24
130,4,7,40,0,65998.417756625,15060,0,100000000000000,51
131,4,8,10865,1,65998.58831490626,25885,0,100000000000000,10877
132,6,6,8829,0,65998.63476956253,23851,0,100000000000000,8841
133,4,8,12,1,65998.64178559376,15032,0,100000000000000,24
134,7,8,13600,0,65998.65576625,28623,0,100000000000000,13615
135,5,6,5212,0,65998.65812465626,20233,0,100000000000000,5223
136,5,9,6511,0,65998.6651071875,23852,0,100000000000000,6525
137,5,6,15614,0,65998.733003375,30635,0,100000000000000,15625
138,5,9,15611,0,65998.74213674999,18916,0,100000000000000,15625
139,4,9,479,1,65998.74559365625,15499,0,100000000000000,492
140,4,9,5046,1,65998.74606546875,20066,0,100000000000000,5059
141,4,9,8436,1,65998.74606546875,23456,0,100000000000000,8449
142,6,6,15613,1,65998.748337625,30635,0,100000000000000,15625
143,4,9,4361,0,65998.7560341875,19381,0,100000000000000,4374
144,4,9,7021,0,65998.7560341875,22041,0,100000000000000,7034
145,5,9,1452,0,65998.75699,21523,0,100000000000000,1466
146,4,9,13,0,65998.75811009374,15033,0,100000000000000,26
147,4,9,5265,0,65998.75831050001,20285,0,100000000000000,5278
148,4,9,5858,0,65998.75831050001,20878,0,100000000000000,5871
149,4,9,13966,0,65998.758742375,28986,0,100000000000000,13979
150,4,9,10129,0,65998.758742375,25149,0,100000000000000,10142
151,4,9,15612,0,65998.75876940625,30632,0,100000000000000,15625
152,4,9,12976,0,65998.75876940625,27996,0,100000000000000,12989
153,4,9,6701,0,65998.75876940625,21721,0,100000000000000,6714
154,4,9,15612,0,65998.75876940625,30632,0,100000000000000,15625
155,4,9,13,0,65998.75946671875,15033,0,100000000000000,26
156,4,9,2744,0,65998.759691375,17764,0,100000000000000,2757
157,4,9,6973,0,65998.759691375,21993,0,100000000000000,6986
158,4,9,15612,0,65998.7598895,30632,0,100000000000000,15625
159,4,9,4530,0,65998.7598895,19550,0,100000000000000,4543
160,4,9,15612,0,65998.76059590625,30632,0,100000000000000,15625
161,4,9,6233,0,65998.7608205625,21253,0,100000000000000,6246
162,4,9,7863,0,65998.7610186875,22883,0,100000000000000,7876
163,4,9,7187,0,65998.7610186875,22207,0,100000000000000,7200
164,4,9,11281,0,65998.76127037499,26301,0,100000000000000,11294
165,4,9,13,0,65998.76127037499,15033,0,100000000000000,26
166,4,9,1750,0,65998.76127037499,16770,0,100000000000000,1763
167,4,9,13,0,65998.76147078125,15033,0,100000000000000,26
168,4,9,1235,0,65998.76147078125,16255,0,100000000000000,1248
169,4,9,998,0,65998.76147078125,16018,0,100000000000000,1011
170,4,9,13239,0,65998.76147078125,28259,0,100000000000000,13252
171,4,9,13,0,65998.76239956249,15033,0,100000000000000,26
172,4,9,13,0,65998.76239956249,15033,0,100000000000000,26
173,4,9,9788,0,65998.76242659375,24808,0,100000000000000,9801
174,4,9,3364,0,65998.76259996874,18384,0,100000000000000,3377
175,4,9,11863,0,65998.76304978125,26883,0,100000000000000,11876
176,4,9,9745,0,65998.76304978125,24765,0,100000000000000,9758
177,4,9,13,0,65998.76304978125,15033,0,100000000000000,26
178,4,9,9999,0,65998.76304978125,25019,0,100000000000000,10012
179,4,9,14412,0,65998.76304978125,29432,0,100000000000000,14425
180,4,9,13011,0,65998.76304978125,28031,0,100000000000000,13024
181,4,9,7681,0,65998.76304978125,22701,0,100000000000000,7694
182,4,9,10347,0,65998.76304978125,25367,0,100000000000000,10360
183,4,9,7187,0,65998.76304978125,22207,0,100000000000000,7200
184,4,9,15612,0,65998.76304978125,30632,0,100000000000000,15625
185,4,9,6377,0,65998.76304978125,21397,0,100000000000000,6390
186,4,9,12312,0,65998.76304978125,27332,0,100000000000000,12325
187,4,9,5204,0,65998.76304978125,20224,0,100000000000000,5217
188,4,9,1866,0,65998.76304978125,16886,0,100000000000000,1879
189,4,9,6095,0,65998.76304978125,21115,0,100000000000000,6108
190,4,9,13,0,65998.76304978125,15033,0,100000000000000,26
191,4,9,10163,0,65998.76309687499,25183,0,100000000000000,10176
192,4,9,15612,0,65998.76354668749,30632,0,100000000000000,15625
193,4,9,7753,0,65998.76374709375,22773,0,100000000000000,7766
194,4,9,11464,0,65998.76420599999,26484,0,100000000000000,11477
195,4,9,15612,0,65998.76420599999,30632,0,100000000000000,15625
196,4,9,13,0,65998.76420599999,15033,0,100000000000000,26
197,4,9,13,0,65998.76420599999,15033,0,100000000000000,26
198,4,9,12500,0,65998.76420599999,27520,0,100000000000000,12513
199,4,9,15612,0,65998.76420599999,30632,0,100000000000000,15625
200,4,9,14359,0,65998.76420599999,29379,0,100000000000000,14372
201,4,9,11293,0,65998.76532609374,26313,0,100000000000000,11306
202,4,9,972,0,65998.76532609374,15992,0,100000000000000,985
203,4,9,13699,0,65998.76532609374,28719,0,100000000000000,13712
204,4,9,3651,0,65998.76532609374,18671,0,100000000000000,3664
205,4,9,8533,0,65998.76533518749,23553,0,100000000000000,8546
206,4,9,15612,0,65998.76533518749,30632,0,100000000000000,15625
207,4,9,2968,0,65998.76533518749,17988,0,100000000000000,2981
208,4,9,15612,0,65998.76533518749,30632,0,100000000000000,15625
209,4,9,9176,0,65998.76761149999,24196,0,100000000000000,9189
210,6,6,7799,0,65998.78551706251,22821,0,100000000000000,7811
211,7,6,10704,0,65998.793001875,25727,0,100000000000000,10717
212,6,6,11013,1,65998.82966275,26035,0,100000000000000,11025
213,5,7,15613,0,65998.83979190624,30634,0,100000000000000,15625
214,5,6,627,0,65998.8463485625,15648,0,100000000000000,638
215,5,6,7611,1,65998.849787625,22632,0,100000000000000,7622
216,5,6,8081,1,65998.85085296874,23102,0,100000000000000,8092
217,5,7,8373,1,65998.88056171875,23394,0,100000000000000,8385
218,6,6,11369,0,65998.89459100003,26391,0,100000000000000,11381
219,7,7,13601,0,65998.8999774375,28624,0,100000000000000,13615
220,7,7,435,0,65998.91853278124,15458,0,100000000000000,449
221,7,6,15612,0,65998.94478278125,30635,0,100000000000000,15625
222,6,6,2865,1,65998.9507604375,17887,0,100000000000000,2877
223,5,9,5204,0,65998.9586064375,29274,0,100000000000000,5218
224,4,9,132,0,65998.96610259375,15152,0,100000000000000,145
225,4,9,8030,0,65998.96723178125,23050,0,100000000000000,8043
226,4,9,13,0,65998.9690111875,15033,0,100000000000000,26
227,4,9,6825,0,65998.9699601875,21845,0,100000000000000,6838
228,4,9,13,0,65998.9712875,15033,0,100000000000000,26
229,4,9,14232,0,65998.97153918749,29252,0,100000000000000,14245
230,4,9,10742,0,65998.9728958125,25762,0,100000000000000,10755
231,4,9,13,0,65998.97331859375,15033,0,100000000000000,26
232,4,9,11943,0,65998.9738155,26963,0,100000000000000,11956
233,4,9,13346,0,65998.9738155,28366,0,100000000000000,13359
234,4,9,7286,0,65998.9738155,22306,0,100000000000000,7299
235,4,9,5780,0,65998.97382459375,20800,0,100000000000000,5793
236,4,9,6082,0,65998.9744748125,21102,0,100000000000000,6095
237,5,6,15614,0,65998.97468996876,30635,0,100000000000000,15625
238,4,9,13,0,65998.97559490624,15033,0,100000000000000,26
239,4,9,7045,0,65998.97560399999,22065,0,100000000000000,7058
240,4,9,1453,0,65998.97672409374,16473,0,100000000000000,1466
241,6,7,15432,0,65999.00369918751,30454,0,100000000000000,15445
242,6,7,13,1,65999.00637737499,15035,0,100000000000000,26
243,5,7,12,1,65999.00697774999,15033,0,100000000000000,24
244,6,7,15612,1,65999.00698003125,30634,0,100000000000000,15625
245,7,7,14072,1,65999.00752940626,29095,0,100000000000000,14086
246,6,7,14437,1,65999.03344899997,29459,0,100000000000000,14450
247,7,7,14174,0,65999.04918696875,29197,0,100000000000000,14188
248,5,7,15613,0,65999.05008353126,30634,0,100000000000000,15625
249,6,6,15613,1,65999.0608324375,30635,0,100000000000000,15625
250,5,7,9886,1,65999.0645033125,24907,0,100000000000000,9898
251,6,7,10996,0,65999.07865315622,26018,0,100000000000000,11009
252,6,7,13,0,65999.08485662499,15035,0,100000000000000,26
253,5,6,9455,1,65999.08486084375,24476,0,100000000000000,9466
254,7,7,15611,1,65999.0908510625,30634,0,100000000000000,15625
255,6,7,5943,1,65999.10614378122,20965,0,100000000000000,5956
256,6,7,11639,1,65999.11334612497,26661,0,100000000000000,11652
257,6,7,2359,0,65999.1299969375,17381,0,100000000000000,2372
258,5,7,9677,1,65999.13755212499,24698,0,100000000000000,9689
259,6,7,15612,1,65999.13762737499,30634,0,100000000000000,15625
260,7,7,872,1,65999.14241346875,15895,0,100000000000000,886
261,5,7,15613,0,65999.1610671875,30634,0,100000000000000,15625
262,7,7,15611,0,65999.16249568749,30634,0,100000000000000,15625
263,5,7,3817,1,65999.16926187501,18838,0,100000000000000,3829
264,7,8,7187,0,65999.186160625,22210,0,100000000000000,7202
265,5,7,12,1,65999.19055587499,15033,0,100000000000000,24
266,5,7,10622,0,65999.20758353126,25643,0,100000000000000,10634
267,7,7,14132,0,65999.211664625,29155,0,100000000000000,14146
268,5,7,12,0,65999.2138485625,15033,0,100000000000000,24
269,7,7,1225,1,65999.2217820625,16248,0,100000000000000,1239
270,6,7,9286,1,65999.22178206251,24308,0,100000000000000,9299
271,6,7,11577,0,65999.25936000001,26599,0,100000000000000,11590
272,6,8,1687,0,65999.26009493749,16709,0,100000000000000,1701
273,7,7,4434,1,65999.26888878124,19457,0,100000000000000,4448
274,6,8,15611,1,65999.2742345,30633,0,100000000000000,15625
275,7,7,3047,1,65999.27426187499,18070,0,100000000000000,3061
276,6,8,5947,1,65999.27432540625,20969,0,100000000000000,5961
277,5,8,3916,1,65999.27455121874,18937,0,100000000000000,3929
278,7,8,13813,1,65999.27476106246,28836,0,100000000000000,13828
279,7,8,15197,0,65999.28562140622,30220,0,100000000000000,15212
280,6,8,9353,0,65999.28673921875,24375,0,100000000000000,9367
281,6,8,15611,0,65999.28718900001,30633,0,100000000000000,15625
282,7,8,15610,1,65999.29604675,30633,0,100000000000000,15625
283,5,8,5469,0,65999.31664184375,20490,0,100000000000000,5482
284,5,8,12551,1,65999.32132037498,27572,0,100000000000000,12564
285,5,8,13,1,65999.3222465625,15034,0,100000000000000,26
286,6,8,1889,0,65999.32258184375,16911,0,100000000000000,1903
287,6,8,5621,1,65999.32299437499,20643,0,100000000000000,5635
288,5,8,3469,1,65999.32359931247,18490,0,100000000000000,3482
289,6,8,15611,1,65999.32585131249,30633,0,100000000000000,15625
290,5,8,15612,1,65999.3261246875,30633,0,100000000000000,15625
291,7,8,15610,0,65999.33265778124,30633,0,100000000000000,15625
292,7,8,7131,0,65999.33854418749,22154,0,100000000000000,7146
293,7,8,15610,0,65999.33854418749,30633,0,100000000000000,15625
294,7,8,15610,0,65999.342672875,30633,0,100000000000000,15625
295,5,8,15612,0,65999.342691125,30633,0,100000000000000,15625
296,5,8,14119,0,65999.344270125,29140,0,100000000000000,14132
297,5,9,6973,0,65999.34512559375,19386,0,100000000000000,6987
298,6,8,9455,1,65999.3469133125,24477,0,100000000000000,9469
299,6,8,7712,1,65999.35218796875,22734,0,100000000000000,7726
300,7,9,15609,0,65999.36934415624,28205,0,100000000000000,15625
301,6,8,10704,0,65999.37362487499,25726,0,100000000000000,10718
302,6,8,13351,1,65999.37448003126,28373,0,100000000000000,13365
303,5,8,13813,1,65999.3748689375,28834,0,100000000000000,13826
304,6,8,5582,1,65999.37971056247,20604,0,100000000000000,5596
305,5,8,15611,0,65999.39330909375,30632,0,100000000000000,15624
306,7,8,15,0,65999.39468996874,15038,0,100000000000000,30
307,6,8,15611,0,65999.394890375,30633,0,100000000000000,15625
308,6,8,6192,0,65999.394890375,21214,0,100000000000000,6206
309,7,8,4617,1,65999.3958310625,19640,0,100000000000000,4632
310,7,8,10891,0,65999.3990464375,25914,0,100000000000000,10906
311,6,8,15610,1,65999.400291625,30632,0,100000000000000,15624
312,6,8,9392,1,65999.40055587499,24414,0,100000000000000,9406
313,6,8,8525,1,65999.40470621875,23547,0,100000000000000,8539
314,5,8,14437,1,65999.40508681249,29458,0,100000000000000,14450
315,6,8,6013,1,65999.40520996875,21035,0,100000000000000,6027
316,7,8,13098,0,65999.41843478124,28121,0,100000000000000,13113
317,7,8,10138,0,65999.41893590624,25161,0,100000000000000,10153
318,6,8,13813,0,65999.4194370625,28835,0,100000000000000,13827
319,6,8,15611,1,65999.43314131249,30633,0,100000000000000,15625
320,6,8,15611,0,65999.44580909374,30633,0,100000000000000,15625
321,7,8,10843,0,65999.44697671874,25866,0,100000000000000,10858
322,5,8,15538,0,65999.44719453125,30559,0,100000000000000,15551
323,6,8,5322,0,65999.44719453125,20344,0,100000000000000,5336
324,7,8,13675,1,65999.45807996875,28698,0,100000000000000,13690
325,5,8,10129,0,65999.47550643749,25150,0,100000000000000,10142
326,7,8,11322,0,65999.48009096875,26345,0,100000000000000,11337
327,7,8,11119,0,65999.52887559375,26142,0,100000000000000,11134
328,5,9,15611,1,65999.57959506249,30632,0,100000000000000,15625
329,6,9,15,1,65999.58347318751,15037,0,100000000000000,30
330,6,9,11491,1,65999.58347318751,26513,0,100000000000000,11506
331,6,9,9608,1,65999.583820375,24630,0,100000000000000,9623
332,6,9,15,1,65999.5840891875,15037,0,100000000000000,30
333,7,9,7677,1,65999.58413937503,22700,0,100000000000000,7693
334,6,9,8531,1,65999.58469899997,23553,0,100000000000000,8546
335,5,9,15611,0,65999.58495184375,24908,0,100000000000000,15625
336,6,9,9084,1,65999.585018,24106,0,100000000000000,9099
337,5,9,15611,1,65999.58506328125,30632,0,100000000000000,15625
338,7,9,12927,1,65999.5850655625,27950,0,100000000000000,12943
339,5,9,14,1,65999.58545071875,15035,0,100000000000000,28
340,5,9,4813,1,65999.58576743751,19834,0,100000000000000,4827
341,5,9,14,1,65999.58583699999,15035,0,100000000000000,28
342,7,9,3898,1,65999.58583928124,18921,0,100000000000000,3914
343,5,9,6907,1,65999.58778515628,21928,0,100000000000000,6921
344,6,9,5543,1,65999.58795850001,20565,0,100000000000000,5558
345,7,9,10511,1,65999.5881258125,25534,0,100000000000000,10527
346,5,9,10207,1,65999.5888459375,25228,0,100000000000000,10221
347,6,9,13874,1,65999.58901324999,28896,0,100000000000000,13889
348,5,9,5544,1,65999.58901324999,20565,0,100000000000000,5558
349,6,9,12078,1,65999.58901324999,27100,0,100000000000000,12093
350,6,9,7145,1,65999.58901324999,22167,0,100000000000000,7160
351,6,9,15610,1,65999.58901324999,30632,0,100000000000000,15625
352,6,9,6581,1,65999.5892820625,21603,0,100000000000000,6596
353,7,9,15609,1,65999.5895033125,30632,0,100000000000000,15625
354,5,9,15611,1,65999.5903725,30632,0,100000000000000,15625
355,6,9,15610,1,65999.59068921875,30632,0,100000000000000,15625
356,6,9,13042,1,65999.59068921875,28064,0,100000000000000,13057
357,7,9,15609,1,65999.59068921875,30632,0,100000000000000,15625
358,7,9,7283,1,65999.59086256249,22306,0,100000000000000,7299
359,6,9,13030,0,65999.59796143751,28052,0,100000000000000,13045
360,5,9,13347,0,65999.5988035625,28368,0,100000000000000,13361
361,5,9,15610,0,65999.59883059375,30631,0,100000000000000,15624
362,6,9,7041,0,65999.59883059375,22063,0,100000000000000,7056
363,5,9,14771,0,65999.59883059375,29792,0,100000000000000,14785
364,6,9,1067,0,65999.59883059375,16089,0,100000000000000,1082
365,7,9,15609,0,65999.59911765625,30632,0,100000000000000,15625
366,6,9,15610,0,65999.599253375,30632,0,100000000000000,15625
367,5,9,6528,0,65999.599253375,21549,0,100000000000000,6542
368,6,9,9333,0,65999.599253375,24355,0,100000000000000,9348
369,6,9,12281,0,65999.599253375,27303,0,100000000000000,12296
370,7,9,9665,0,65999.599253375,24688,0,100000000000000,9681
371,5,9,6509,0,65999.599253375,21530,0,100000000000000,6523
372,6,9,15610,0,65999.599253375,30632,0,100000000000000,15625
373,5,9,15611,0,65999.599253375,30632,0,100000000000000,15625
374,6,9,15610,0,65999.599253375,30632,0,100000000000000,15625
375,5,9,15609,0,65999.59945378125,30630,0,100000000000000,15623
376,7,9,8871,0,65999.59945378125,23894,0,100000000000000,8887
377,5,9,12699,0,65999.59945378125,27720,0,100000000000000,12713
378,7,9,14469,0,65999.5995404375,29492,0,100000000000000,14485
379,6,9,15610,0,65999.5995404375,30632,0,100000000000000,15625
380,5,9,15611,0,65999.5995404375,30632,0,100000000000000,15625
381,7,9,15611,0,65999.5995404375,30634,0,100000000000000,15627
382,6,9,12689,0,65999.59974084375,27711,0,100000000000000,12704
383,5,9,7285,0,65999.59974084375,22306,0,100000000000000,7299
384,6,9,15068,0,65999.59974084375,30090,0,100000000000000,15083
385,5,9,15612,0,65999.59974084375,30633,0,100000000000000,15626
386,6,9,15,0,65999.59974084375,15037,0,100000000000000,30
387,6,9,8371,0,65999.5999506875,23393,0,100000000000000,8386
388,5,9,11697,0,65999.59995978126,26718,0,100000000000000,11711
389,5,9,14,0,65999.6003825625,15035,0,100000000000000,28
390,6,9,15610,0,65999.60040959375,30632,0,100000000000000,15625
391,6,9,3932,0,65999.60040959375,18954,0,100000000000000,3947
392,5,9,4475,0,65999.60040959375,19496,0,100000000000000,4489
393,6,9,2090,0,65999.60040959375,17112,0,100000000000000,2105
394,7,9,11509,0,65999.60058296875,26532,0,100000000000000,11525
395,5,9,15383,0,65999.60058296875,30404,0,100000000000000,15397
396,6,9,6973,0,65999.60058296875,21995,0,100000000000000,6988
397,6,9,8121,0,65999.60058296875,23143,0,100000000000000,8136
398,7,9,9718,0,65999.60061000001,24741,0,100000000000000,9734
399,6,9,8365,0,65999.60087003125,23387,0,100000000000000,8380
400,5,9,3133,0,65999.60087003125,18154,0,100000000000000,3147
401,7,9,16,0,65999.60089706251,15039,0,100000000000000,32
402,6,9,15610,0,65999.60103278125,30632,0,100000000000000,15625
403,7,9,15609,0,65999.60103278125,30632,0,100000000000000,15625
404,7,9,3932,0,65999.60103278125,18955,0,100000000000000,3948
405,7,9,8794,0,65999.60103278125,23817,0,100000000000000,8810
406,7,9,16,0,65999.60103278125,15039,0,100000000000000,32
407,7,9,4435,0,65999.60103278125,19458,0,100000000000000,4451
408,6,9,6373,0,65999.60103278125,21395,0,100000000000000,6388
409,5,9,13632,0,65999.60103278125,28653,0,100000000000000,13646
410,5,9,390,0,65999.60103278125,15411,0,100000000000000,404
411,7,9,15609,0,65999.60103278125,30632,0,100000000000000,15625
412,6,9,5708,0,65999.60103278125,20730,0,100000000000000,5723
413,7,9,13277,0,65999.60103278125,28300,0,100000000000000,13293
414,6,9,12723,0,65999.60103278125,27745,0,100000000000000,12738
415,7,9,10096,0,65999.60103278125,25119,0,100000000000000,10112
416,5,9,14,0,65999.60103278125,15035,0,100000000000000,28
417,5,9,3935,0,65999.60103278125,18956,0,100000000000000,3949
418,6,9,10084,0,65999.60103278125,25106,0,100000000000000,10099
419,7,9,8523,0,65999.60103278125,23546,0,100000000000000,8539
420,7,9,12861,0,65999.60103278125,27884,0,100000000000000,12877
421,5,9,10319,0,65999.60103278125,25340,0,100000000000000,10333
422,7,9,15609,0,65999.60103278125,30632,0,100000000000000,15625
423,7,9,14,0,65999.60103278125,15037,0,100000000000000,30
424,5,9,4362,0,65999.60103278125,19383,0,100000000000000,4376
425,7,9,13680,0,65999.60103278125,28703,0,100000000000000,13696
426,6,9,696,0,65999.60103278125,15718,0,100000000000000,711
427,6,9,15,0,65999.60103278125,15037,0,100000000000000,30
428,7,9,9962,0,65999.60103278125,24985,0,100000000000000,9978
429,5,9,14944,0,65999.60103278125,29965,0,100000000000000,14958
430,5,9,9089,0,65999.60103278125,24110,0,100000000000000,9103
431,5,9,15611,0,65999.60103278125,30632,0,100000000000000,15625
432,5,9,12237,0,65999.60131984374,27258,0,100000000000000,12251
433,6,9,15,0,65999.60131984374,15037,0,100000000000000,30
434,5,9,4779,0,65999.60131984374,19800,0,100000000000000,4793
435,7,9,5709,0,65999.60131984374,20732,0,100000000000000,5725
436,6,9,10265,0,65999.60131984374,25287,0,100000000000000,10280
437,7,9,15183,0,65999.60131984374,30206,0,100000000000000,15199
438,6,9,5271,0,65999.60131984374,20293,0,100000000000000,5286
439,5,9,5204,0,65999.60131984374,20225,0,100000000000000,5218
440,6,9,15610,0,65999.60131984374,30632,0,100000000000000,15625
441,5,9,1149,0,65999.60139396875,16170,0,100000000000000,1163
442,6,9,3288,0,65999.6015296875,18310,0,100000000000000,3303
443,5,9,4834,0,65999.6015296875,19855,0,100000000000000,4848
444,7,9,8361,0,65999.6015296875,23384,0,100000000000000,8377
445,7,9,15609,0,65999.6015296875,30632,0,100000000000000,15625
446,5,9,15611,0,65999.6015296875,30632,0,100000000000000,15625
447,5,9,2301,0,65999.6015296875,17322,0,100000000000000,2315
448,7,9,7041,0,65999.60153878125,22064,0,100000000000000,7057
449,6,9,12958,0,65999.60153878125,27980,0,100000000000000,12973
450,6,9,8686,0,65999.60153878125,23708,0,100000000000000,8701
451,6,9,11128,0,65999.60173009375,26150,0,100000000000000,11143
452,7,9,15166,0,65999.60173009375,30189,0,100000000000000,15182
453,6,9,4636,0,65999.60173009375,19658,0,100000000000000,4651
454,7,9,7629,0,65999.60173009375,22652,0,100000000000000,7645
455,5,9,15611,0,65999.6017391875,30632,0,100000000000000,15625
456,7,9,11871,0,65999.6017391875,26894,0,100000000000000,11887
457,7,9,15609,0,65999.60181674999,30632,0,100000000000000,15625
458,6,9,15609,0,65999.60181674999,30631,0,100000000000000,15624
459,6,9,15610,0,65999.60182584375,30632,0,100000000000000,15625
460,5,9,9427,0,65999.60201715626,24448,0,100000000000000,9441
461,5,9,15611,0,65999.60201715626,30632,0,100000000000000,15625
462,6,9,5498,0,65999.60202625001,20520,0,100000000000000,5513
463,5,9,14696,0,65999.60216196875,29717,0,100000000000000,14710
464,5,9,13305,0,65999.60216196875,28326,0,100000000000000,13319
465,6,9,8575,0,65999.60216196875,23597,0,100000000000000,8590
466,5,9,15611,0,65999.60216196875,30632,0,100000000000000,15625
467,5,9,11560,0,65999.60216196875,26581,0,100000000000000,11574
468,7,9,15609,0,65999.60216196875,30632,0,100000000000000,15625
469,5,9,8959,0,65999.60216196875,23980,0,100000000000000,8973
470,7,9,5123,0,65999.60216196875,20146,0,100000000000000,5139
471,6,9,8343,0,65999.60216196875,23365,0,100000000000000,8358
472,6,9,9267,0,65999.602189,24289,0,100000000000000,9282
473,6,9,8700,0,65999.602189,23722,0,100000000000000,8715
474,5,9,5168,0,65999.602189,20189,0,100000000000000,5182
475,6,9,15611,0,65999.602189,30633,0,100000000000000,15626
476,5,9,5078,0,65999.602189,20099,0,100000000000000,5092
477,7,9,4401,0,65999.602189,19424,0,100000000000000,4417
478,5,9,8716,0,65999.602189,23737,0,100000000000000,8730
479,5,9,15611,0,65999.602189,30632,0,100000000000000,15625
480,7,9,4403,0,65999.602189,19426,0,100000000000000,4419
481,7,9,7946,0,65999.602189,22969,0,100000000000000,7962
482,6,9,12055,0,65999.6024760625,27077,0,100000000000000,12070
483,6,9,14385,0,65999.6024760625,29407,0,100000000000000,14400
484,6,9,15610,0,65999.6024760625,30632,0,100000000000000,15625
485,7,9,12314,0,65999.6024760625,27337,0,100000000000000,12330
486,6,9,15468,0,65999.6024760625,30490,0,100000000000000,15483
487,6,9,15610,0,65999.60285928125,30632,0,100000000000000,15625
488,5,9,15610,0,65999.60285928125,30631,0,100000000000000,15624
489,7,9,2895,0,65999.60285928125,17918,0,100000000000000,2911
490,7,9,3531,0,65999.60311096875,18554,0,100000000000000,3547
491,6,9,12836,0,65999.60311096875,27858,0,100000000000000,12851
492,5,9,15611,0,65999.60311096875,30632,0,100000000000000,15625
493,5,9,10753,0,65999.60311096875,25774,0,100000000000000,10767
494,7,9,12983,0,65999.60311096875,28006,0,100000000000000,12999
495,5,9,3979,0,65999.60311096875,19000,0,100000000000000,3993
496,6,9,15610,0,65999.60311096875,30632,0,100000000000000,15625
497,5,9,9959,0,65999.60330909374,24980,0,100000000000000,9973
498,7,9,6381,0,65999.60330909374,21404,0,100000000000000,6397
499,6,9,12120,0,65999.60330909374,27142,0,100000000000000,12135
500,5,9,10267,0,65999.60330909374,25288,0,100000000000000,10281
501,6,9,15610,0,65999.60330909374,30632,0,100000000000000,15625
502,5,9,4386,0,65999.60330909374,19407,0,100000000000000,4400
503,7,9,15609,0,65999.60330909374,30632,0,100000000000000,15625
504,7,9,5204,0,65999.60330909374,20227,0,100000000000000,5220
505,7,9,8871,0,65999.60330909374,23894,0,100000000000000,8887
506,5,9,8331,0,65999.60330909374,23352,0,100000000000000,8345
507,7,9,15611,0,65999.6033181875,30634,0,100000000000000,15627
508,7,9,2533,0,65999.6033181875,17556,0,100000000000000,2549
509,5,9,7287,0,65999.6033181875,22308,0,100000000000000,7301
510,7,9,11798,0,65999.60339803125,26821,0,100000000000000,11814
511,7,9,15609,0,65999.60339803125,30632,0,100000000000000,15625
512,5,9,7871,0,65999.60339803125,22892,0,100000000000000,7885
513,5,9,10083,0,65999.60339803125,25104,0,100000000000000,10097
514,5,9,7629,0,65999.60339803125,22650,0,100000000000000,7643
515,5,9,15611,0,65999.60339803125,30632,0,100000000000000,15625
516,6,9,7791,0,65999.60359615624,22813,0,100000000000000,7806
517,7,9,9741,0,65999.60359615624,24764,0,100000000000000,9757
518,7,9,4382,0,65999.60359615624,19405,0,100000000000000,4398
519,5,9,1845,0,65999.60359615624,16866,0,100000000000000,1859
520,7,9,16,0,65999.60359615624,15039,0,100000000000000,32
521,5,9,15611,0,65999.60360525,30632,0,100000000000000,15625
522,6,9,15610,0,65999.60424015624,30632,0,100000000000000,15625
523,6,9,1589,0,65999.60424015624,16611,0,100000000000000,1604
524,7,9,5204,0,65999.60424015624,20227,0,100000000000000,5220
525,7,9,16,0,65999.6042671875,15039,0,100000000000000,32
526,6,9,4871,0,65999.60443828124,19893,0,100000000000000,4886
527,7,9,14891,0,65999.60443828124,29914,0,100000000000000,14907
528,6,9,7187,0,65999.60443828124,22209,0,100000000000000,7202
529,7,9,15609,0,65999.6044653125,30632,0,100000000000000,15625
530,7,9,15202,0,65999.6044653125,30225,0,100000000000000,15218
531,5,9,5158,0,65999.6044653125,20179,0,100000000000000,5172
532,5,9,6511,0,65999.6044653125,21532,0,100000000000000,6525
533,7,9,16,0,65999.6044653125,15039,0,100000000000000,32
534,5,9,7186,0,65999.60452721875,22207,0,100000000000000,7200
535,6,9,4435,0,65999.60455425,19457,0,100000000000000,4450
536,7,9,16,0,65999.60468996875,15039,0,100000000000000,32
537,6,9,15610,0,65999.60468996875,30632,0,100000000000000,15625
538,7,9,15609,0,65999.60468996875,30632,0,100000000000000,15625
539,7,9,14412,0,65999.60468996875,29435,0,100000000000000,14428
540,5,9,14088,0,65999.60468996875,29109,0,100000000000000,14102
541,5,9,2419,0,65999.60468996875,17440,0,100000000000000,2433
542,5,9,15611,0,65999.60468996875,30632,0,100000000000000,15625
543,6,9,15,0,65999.60468996875,15037,0,100000000000000,30
544,6,9,15610,0,65999.60468996875,30632,0,100000000000000,15625
545,7,9,4403,0,65999.60468996875,19426,0,100000000000000,4419
546,5,9,5218,0,65999.60468996875,20239,0,100000000000000,5232
547,5,9,15611,0,65999.60468996875,30632,0,100000000000000,15625
548,6,9,1555,0,65999.60468996875,16577,0,100000000000000,1570
549,7,9,6509,0,65999.60468996875,21532,0,100000000000000,6525
550,6,9,15511,0,65999.60468996875,30533,0,100000000000000,15526
551,6,9,13585,0,65999.60468996875,28607,0,100000000000000,13600
552,7,9,5035,0,65999.60468996875,20058,0,100000000000000,5051
553,7,9,11784,0,65999.60468996875,26807,0,100000000000000,11800
554,7,9,15365,0,65999.60468996875,30388,0,100000000000000,15381
555,6,9,5531,0,65999.60468996875,20553,0,100000000000000,5546
556,6,9,6516,0,65999.60468996875,21538,0,100000000000000,6531
557,6,9,5939,0,65999.60468996875,20961,0,100000000000000,5954
558,5,9,15611,0,65999.60468996875,30632,0,100000000000000,15625
559,7,9,2897,0,65999.60468996875,17920,0,100000000000000,2913
560,6,9,11586,0,65999.60468996875,26608,0,100000000000000,11601
561,7,9,16,0,65999.60468996875,15039,0,100000000000000,32
562,6,9,11755,0,65999.60468996875,26777,0,100000000000000,11770
563,6,9,2969,0,65999.60472534374,17991,0,100000000000000,2984
564,6,9,6707,0,65999.60472534374,21729,0,100000000000000,6722
565,6,9,15610,0,65999.604890375,30632,0,100000000000000,15625
566,6,9,15,0,65999.604890375,15037,0,100000000000000,30
567,5,9,10427,0,65999.604890375,25448,0,100000000000000,10441
568,5,9,12924,0,65999.604890375,27945,0,100000000000000,12938
569,7,9,15611,0,65999.604890375,30634,0,100000000000000,15627
570,5,9,14081,0,65999.604890375,29102,0,100000000000000,14095
571,7,9,15609,0,65999.604890375,30632,0,100000000000000,15625
572,5,9,15609,0,65999.604890375,30630,0,100000000000000,15623
573,7,9,16,0,65999.604890375,15039,0,100000000000000,32
574,7,9,14835,0,65999.604890375,29858,0,100000000000000,14851
575,5,9,13271,0,65999.604890375,28292,0,100000000000000,13285
576,6,9,3587,0,65999.604890375,18609,0,100000000000000,3602
577,5,9,14,0,65999.604890375,15035,0,100000000000000,28
578,5,9,7680,0,65999.604890375,22701,0,100000000000000,7694
579,5,9,6972,0,65999.604890375,21993,0,100000000000000,6986
580,5,9,2382,0,65999.604890375,17403,0,100000000000000,2396
581,5,9,11211,0,65999.604890375,26232,0,100000000000000,11225
582,7,9,12784,0,65999.604890375,27807,0,100000000000000,12800
583,6,9,4630,0,65999.604890375,19652,0,100000000000000,4645
584,6,9,2330,0,65999.604890375,17352,0,100000000000000,2345
585,7,9,3131,0,65999.604890375,18154,0,100000000000000,3147
586,6,9,15610,0,65999.604890375,30632,0,100000000000000,15625
587,6,9,15610,0,65999.604890375,30632,0,100000000000000,15625
588,5,9,13453,0,65999.604890375,28474,0,100000000000000,13467
589,7,9,15612,0,65999.604890375,30635,0,100000000000000,15628
590,6,9,10334,0,65999.604890375,25356,0,100000000000000,10349
591,6,9,7274,0,65999.604890375,22296,0,100000000000000,7289
592,7,9,2793,0,65999.60497703124,17816,0,100000000000000,2809
593,7,9,1142,0,65999.60497703124,16165,0,100000000000000,1158
594,7,9,15609,0,65999.60497703124,30632,0,100000000000000,15625
595,7,9,2484,0,65999.60497703124,17507,0,100000000000000,2500
596,7,9,14155,0,65999.60497703124,29178,0,100000000000000,14171
597,6,9,8700,0,65999.60497703124,23722,0,100000000000000,8715
598,6,9,15610,0,65999.60497703124,30632,0,100000000000000,15625
599,6,9,16,0,65999.60497703124,15038,0,100000000000000,31
600,5,9,15609,0,65999.60497703124,30630,0,100000000000000,15623
601,7,9,8300,0,65999.60497703124,23323,0,100000000000000,8316
602,5,9,7712,0,65999.60497703124,22733,0,100000000000000,7726
603,6,9,15610,0,65999.60497703124,30632,0,100000000000000,15625
604,6,9,8330,0,65999.60497703124,23352,0,100000000000000,8345
605,6,9,15610,0,65999.60497703124,30632,0,100000000000000,15625
606,5,9,9338,0,65999.60497703124,24359,0,100000000000000,9352
607,6,9,8959,0,65999.60517743751,23981,0,100000000000000,8974
608,5,9,9563,0,65999.60517743751,24584,0,100000000000000,9577
609,5,9,15611,0,65999.60517743751,30632,0,100000000000000,15625
610,7,9,5864,0,65999.60517743751,20887,0,100000000000000,5880
611,7,9,16,0,65999.60538728125,15039,0,100000000000000,32
612,5,9,7304,0,65999.60538728125,22325,0,100000000000000,7318
613,5,9,10739,0,65999.60538728125,25760,0,100000000000000,10753
614,6,9,10097,0,65999.60538728125,25119,0,100000000000000,10112
615,5,9,14585,0,65999.60538728125,29606,0,100000000000000,14599
616,7,9,15609,0,65999.60538728125,30632,0,100000000000000,15625
617,7,9,1015,0,65999.60538728125,16038,0,100000000000000,1031
618,6,9,5229,0,65999.605396375,20251,0,100000000000000,5244
619,7,9,14523,0,65999.605396375,29546,0,100000000000000,14539
620,6,9,9807,0,65999.60581915625,24829,0,100000000000000,9822
621,6,9,8338,0,65999.60581915625,23360,0,100000000000000,8353
622,5,9,2210,0,65999.60581915625,17231,0,100000000000000,2224
623,5,9,5361,0,65999.60581915625,20382,0,100000000000000,5375
624,5,9,14,0,65999.60581915625,15035,0,100000000000000,28
625,6,9,14109,0,65999.60581915625,29131,0,100000000000000,14124
626,5,9,12694,0,65999.60581915625,27715,0,100000000000000,12708
627,6,9,15610,0,65999.60581915625,30632,0,100000000000000,15625
628,6,9,1986,0,65999.60581915625,17008,0,100000000000000,2001
629,7,9,2643,0,65999.60581915625,17666,0,100000000000000,2659
630,5,9,15609,0,65999.60581915625,30630,0,100000000000000,15623
631,6,9,13369,0,65999.60581915625,28391,0,100000000000000,13384
632,5,9,14,0,65999.60581915625,15035,0,100000000000000,28
633,5,9,8700,0,65999.60581915625,23721,0,100000000000000,8714
634,5,9,1107,0,65999.60584618749,16128,0,100000000000000,1121
635,5,9,8345,0,65999.60584618749,23366,0,100000000000000,8359
636,6,9,12768,0,65999.60584618749,27790,0,100000000000000,12783
637,6,9,6486,0,65999.60584618749,21508,0,100000000000000,6501
638,7,9,15609,0,65999.60584618749,30632,0,100000000000000,15625
639,5,9,5047,0,65999.60584618749,20068,0,100000000000000,5061
640,6,9,15610,0,65999.6060195625,30632,0,100000000000000,15625
641,6,9,15610,0,65999.6060195625,30632,0,100000000000000,15625
642,6,9,6095,0,65999.6060195625,21117,0,100000000000000,6110
643,6,9,15,0,65999.6060195625,15037,0,100000000000000,30
644,6,9,15610,0,65999.6060195625,30632,0,100000000000000,15625
645,7,9,8300,0,65999.60604659375,23323,0,100000000000000,8316
646,7,9,8012,0,65999.60604659375,23035,0,100000000000000,8028
647,5,9,15611,0,65999.60604659375,30632,0,100000000000000,15625
648,6,9,8755,0,65999.60604659375,23777,0,100000000000000,8770
649,5,9,10098,0,65999.60604659375,25119,0,100000000000000,10112
650,6,9,4812,0,65999.60604659375,19834,0,100000000000000,4827
651,7,9,13030,0,65999.60604659375,28053,0,100000000000000,13046
652,5,9,7752,0,65999.60604659375,22773,0,100000000000000,7766
653,5,9,9435,0,65999.60604659375,24456,0,100000000000000,9449
654,6,9,12055,0,65999.60610621874,27077,0,100000000000000,12070
655,6,9,15610,0,65999.60610621874,30632,0,100000000000000,15625
656,5,9,14,0,65999.60610621874,15035,0,100000000000000,28
657,7,9,15609,0,65999.60610621874,30632,0,100000000000000,15625
658,5,9,2914,0,65999.60610621874,17935,0,100000000000000,2928
659,5,9,15611,0,65999.60613325,30632,0,100000000000000,15625
660,7,9,15609,0,65999.60613325,30632,0,100000000000000,15625
661,7,9,8716,0,65999.60613325,23739,0,100000000000000,8732
662,6,9,1098,0,65999.606306625,16120,0,100000000000000,1113
663,6,9,5029,0,65999.606306625,20051,0,100000000000000,5044
664,5,9,9289,0,65999.606306625,24310,0,100000000000000,9303
665,7,9,15609,0,65999.606306625,30632,0,100000000000000,15625
666,6,9,15610,0,65999.60633365625,30632,0,100000000000000,15625
667,6,9,15610,0,65999.60633365625,30632,0,100000000000000,15625
668,5,9,1972,0,65999.606469375,16993,0,100000000000000,1986
669,7,9,15456,0,65999.606469375,30479,0,100000000000000,15472
670,7,9,1014,0,65999.606469375,16037,0,100000000000000,1030
671,6,9,6509,0,65999.606469375,21531,0,100000000000000,6524
672,6,9,6657,0,65999.606469375,21679,0,100000000000000,6672
673,6,9,1487,0,65999.606469375,16509,0,100000000000000,1502
674,6,9,14433,0,65999.606469375,29455,0,100000000000000,14448
675,5,9,5196,0,65999.606469375,20217,0,100000000000000,5210
676,7,9,883,0,65999.606469375,15906,0,100000000000000,899
677,7,9,16,0,65999.606469375,15039,0,100000000000000,32
678,6,9,7952,0,65999.606469375,22974,0,100000000000000,7967
679,5,9,15611,0,65999.606469375,30632,0,100000000000000,15625
680,5,9,6529,0,65999.606469375,21550,0,100000000000000,6543
681,6,9,5980,0,65999.606469375,21002,0,100000000000000,5995
682,6,9,15610,0,65999.606469375,30632,0,100000000000000,15625
683,6,9,15611,0,65999.606469375,30633,0,100000000000000,15626
684,7,9,1014,0,65999.606469375,16037,0,100000000000000,1030
685,5,9,8716,0,65999.606469375,23737,0,100000000000000,8730
686,5,9,8891,0,65999.606469375,23912,0,100000000000000,8905
687,5,9,15611,0,65999.606469375,30632,0,100000000000000,15625
688,6,9,5814,0,65999.606469375,20836,0,100000000000000,5829
689,6,9,15610,0,65999.606469375,30632,0,100000000000000,15625
690,7,9,15609,0,65999.606469375,30632,0,100000000000000,15625
691,6,9,1902,0,65999.606469375,16924,0,100000000000000,1917
692,7,9,11320,0,65999.606469375,26343,0,100000000000000,11336
693,6,9,12877,0,65999.606469375,27899,0,100000000000000,12892
694,5,9,10970,0,65999.606469375,25991,0,100000000000000,10984
695,6,9,11973,0,65999.606469375,26995,0,100000000000000,11988
696,5,9,12765,0,65999.606469375,27786,0,100000000000000,12779
697,5,9,2969,0,65999.606469375,17990,0,100000000000000,2983
698,5,9,1152,0,65999.606469375,16173,0,100000000000000,1166
699,7,9,7187,0,65999.606469375,22210,0,100000000000000,7203
700,6,9,10970,0,65999.606469375,25992,0,100000000000000,10985
701,6,9,5303,0,65999.606469375,20325,0,100000000000000,5318
702,6,9,12718,0,65999.606469375,27740,0,100000000000000,12733
703,6,9,15,0,65999.606469375,15037,0,100000000000000,30
704,7,9,15611,0,65999.606469375,30634,0,100000000000000,15627
705,6,9,5246,0,65999.606469375,20268,0,100000000000000,5261
706,5,9,5440,0,65999.606469375,20461,0,100000000000000,5454
707,6,9,15610,0,65999.606469375,30632,0,100000000000000,15625
708,6,9,10151,0,65999.606469375,25173,0,100000000000000,10166
709,6,9,15,0,65999.606469375,15037,0,100000000000000,30
710,6,9,7039,0,65999.606469375,22061,0,100000000000000,7054
711,6,9,717,0,65999.606469375,15739,0,100000000000000,732
712,6,9,15,0,65999.606469375,15037,0,100000000000000,30
713,6,9,4403,0,65999.606469375,19425,0,100000000000000,4418
714,6,9,15,0,65999.606469375,15037,0,100000000000000,30
715,6,9,15610,0,65999.606469375,30632,0,100000000000000,15625
716,6,9,15,0,65999.606469375,15037,0,100000000000000,30
717,7,9,15609,0,65999.606469375,30632,0,100000000000000,15625
718,5,9,14,0,65999.606469375,15035,0,100000000000000,28
719,6,9,15025,0,65999.606469375,30047,0,100000000000000,15040
720,6,9,10644,0,65999.606469375,25666,0,100000000000000,10659
721,6,9,15610,0,65999.606469375,30632,0,100000000000000,15625
722,6,9,4361,0,65999.606469375,19383,0,100000000000000,4376
723,6,9,10532,0,65999.606469375,25554,0,100000000000000,10547
724,6,9,15611,0,65999.606469375,30633,0,100000000000000,15626
725,5,9,8755,0,65999.606469375,23776,0,100000000000000,8769
726,5,9,15611,0,65999.606469375,30632,0,100000000000000,15625
727,7,9,8145,0,65999.606469375,23168,0,100000000000000,8161
728,7,9,3486,0,65999.60651646875,18509,0,100000000000000,3502
729,5,9,9854,0,65999.60651646875,24875,0,100000000000000,9868
730,6,9,8294,0,65999.60654349999,23316,0,100000000000000,8309
731,7,9,6669,0,65999.60654349999,21692,0,100000000000000,6685
732,6,9,3466,0,65999.6067564375,18488,0,100000000000000,3481
733,5,9,4813,0,65999.6067564375,19834,0,100000000000000,4827
734,6,9,15,0,65999.6067564375,15037,0,100000000000000,30
735,7,9,8453,0,65999.6067564375,23476,0,100000000000000,8469
736,6,9,15609,0,65999.6067564375,30631,0,100000000000000,15624
737,7,9,4624,0,65999.6067564375,19647,0,100000000000000,4640
738,5,9,11251,0,65999.6067564375,26272,0,100000000000000,11265
739,7,9,16,0,65999.6067564375,15039,0,100000000000000,32
740,5,9,10804,0,65999.6067564375,25825,0,100000000000000,10818
741,7,9,16,0,65999.6067564375,15039,0,100000000000000,32
742,7,9,15240,0,65999.6067564375,30263,0,100000000000000,15256
743,6,9,15610,0,65999.6067564375,30632,0,100000000000000,15625
744,7,9,9916,0,65999.6067564375,24939,0,100000000000000,9932
745,6,9,6528,0,65999.6067564375,21550,0,100000000000000,6543
746,7,9,13106,0,65999.6067564375,28129,0,100000000000000,13122
747,5,9,15611,0,65999.6067564375,30632,0,100000000000000,15625
748,6,9,3170,0,65999.6067564375,18192,0,100000000000000,3185
749,5,9,15611,0,65999.6067564375,30632,0,100000000000000,15625
750,5,9,15611,0,65999.6067564375,30632,0,100000000000000,15625
751,7,9,2456,0,65999.6068305625,17479,0,100000000000000,2472
752,6,9,5790,0,65999.60696628124,20812,0,100000000000000,5805
753,7,9,4615,0,65999.60696628124,19638,0,100000000000000,4631
754,6,9,8408,0,65999.60696628124,23430,0,100000000000000,8423
755,7,9,16,0,65999.60696628124,15039,0,100000000000000,32
756,7,9,7998,0,65999.60696628124,23021,0,100000000000000,8014
757,6,9,8243,0,65999.60696628124,23265,0,100000000000000,8258
758,6,9,13297,0,65999.60696628124,28319,0,100000000000000,13312
759,7,9,15609,0,65999.60696628124,30632,0,100000000000000,15625
760,5,9,14,0,65999.60696628124,15035,0,100000000000000,28
761,5,9,15611,0,65999.60696628124,30632,0,100000000000000,15625
762,5,9,6919,0,65999.60716668749,21940,0,100000000000000,6933
763,7,9,14432,0,65999.60716668749,29455,0,100000000000000,14448
764,5,9,15611,0,65999.60716668749,30632,0,100000000000000,15625
765,7,9,13492,0,65999.60716668749,28515,0,100000000000000,13508
766,5,9,13783,0,65999.60716668749,28804,0,100000000000000,13797
767,5,9,14,0,65999.60717578125,15035,0,100000000000000,28
768,6,9,7996,0,65999.60725334374,23018,0,100000000000000,8011
769,5,9,15611,0,65999.60725334374,30632,0,100000000000000,15625
770,7,9,14411,0,65999.60725334374,29434,0,100000000000000,14427
771,5,9,14907,0,65999.6072624375,29928,0,100000000000000,14921
772,5,9,1636,0,65999.60745375,16657,0,100000000000000,1650
773,7,9,15609,0,65999.60745375,30632,0,100000000000000,15625
774,7,9,3861,0,65999.60745375,18884,0,100000000000000,3877
775,7,9,7680,0,65999.60745375,22703,0,100000000000000,7696
776,6,9,15610,0,65999.60745375,30632,0,100000000000000,15625
777,6,9,5945,0,65999.60745375,20967,0,100000000000000,5960
778,6,9,11208,0,65999.60746284375,26230,0,100000000000000,11223
779,6,9,5413,0,65999.60746284375,20435,0,100000000000000,5428
780,7,9,6527,0,65999.60759856249,27078,0,100000000000000,6543
781,6,9,9271,0,65999.60759856249,24293,0,100000000000000,9286
782,6,9,15610,0,65999.60759856249,30632,0,100000000000000,15625
783,7,9,6527,0,65999.60759856249,21550,0,100000000000000,6543
784,5,9,9781,0,65999.60759856249,24802,0,100000000000000,9795
785,7,9,5439,0,65999.60759856249,20462,0,100000000000000,5455
786,6,9,15610,0,65999.60759856249,30632,0,100000000000000,15625
787,7,9,16,0,65999.60759856249,15039,0,100000000000000,32
788,7,9,15609,0,65999.60759856249,30632,0,100000000000000,15625
789,5,9,14,0,65999.60759856249,15035,0,100000000000000,28
790,7,9,16,0,65999.60759856249,15039,0,100000000000000,32
791,7,9,12876,0,65999.60759856249,27899,0,100000000000000,12892
792,5,9,15610,0,65999.60759856249,30631,0,100000000000000,15624
793,5,9,15611,0,65999.60759856249,30632,0,100000000000000,15625
794,5,9,15190,0,65999.60759856249,30211,0,100000000000000,15204
795,5,9,1660,0,65999.60759856249,16681,0,100000000000000,1674
796,5,9,8873,0,65999.60759856249,23894,0,100000000000000,8887
797,7,9,9051,0,65999.60759856249,24074,0,100000000000000,9067
798,5,9,13425,0,65999.60759856249,28446,0,100000000000000,13439
799,5,9,15608,0,65999.60759856249,30629,0,100000000000000,15622
800,5,9,2798,0,65999.60759856249,17819,0,100000000000000,2812
801,6,9,15610,0,65999.60759856249,30632,0,100000000000000,15625
802,6,9,9919,0,65999.60762559375,24941,0,100000000000000,9934
803,7,9,15609,0,65999.60762559375,30632,0,100000000000000,15625
804,7,9,11905,0,65999.60762559375,26928,0,100000000000000,11921
805,6,9,15610,0,65999.60762559375,30632,0,100000000000000,15625
806,5,9,7294,0,65999.60762559375,22315,0,100000000000000,7308
807,6,9,15610,0,65999.60762559375,30632,0,100000000000000,15625
808,6,9,15610,0,65999.60762559375,30632,0,100000000000000,15625
809,7,9,13420,0,65999.60762559375,28443,0,100000000000000,13436
810,5,9,8383,0,65999.60762559375,23404,0,100000000000000,8397
811,6,9,9786,0,65999.60762559375,24808,0,100000000000000,9801
812,7,9,11905,0,65999.60762559375,26928,0,100000000000000,11921
813,7,9,11796,0,65999.60762559375,26819,0,100000000000000,11812
814,7,9,12718,0,65999.60762559375,27741,0,100000000000000,12734
815,6,9,12815,0,65999.60762559375,27837,0,100000000000000,12830
816,5,9,5216,0,65999.60762559375,20237,0,100000000000000,5230
817,7,9,1014,0,65999.60762559375,16037,0,100000000000000,1030
818,6,9,5529,0,65999.60762559375,20551,0,100000000000000,5544
819,7,9,15609,0,65999.60762559375,30632,0,100000000000000,15625
820,5,9,14,0,65999.6076726875,15035,0,100000000000000,28
821,5,9,15611,0,65999.607885625,30632,0,100000000000000,15625
822,7,9,3564,0,65999.607885625,18587,0,100000000000000,3580
823,7,9,8699,0,65999.607885625,23722,0,100000000000000,8715
824,6,9,10179,0,65999.607885625,25201,0,100000000000000,10194
825,5,9,15611,0,65999.607885625,30632,0,100000000000000,15625
826,5,9,235,0,65999.607885625,15256,0,100000000000000,249
827,6,9,2129,0,65999.607885625,17151,0,100000000000000,2144
828,5,9,2897,0,65999.607885625,17918,0,100000000000000,2911
829,5,9,6166,0,65999.607885625,21187,0,100000000000000,6180
830,6,9,15610,0,65999.607885625,30632,0,100000000000000,15625
831,5,9,15251,0,65999.607885625,30272,0,100000000000000,15265
832,7,9,7082,0,65999.60791265624,22105,0,100000000000000,7098
833,7,9,15609,0,65999.60791265624,30632,0,100000000000000,15625
834,7,9,15609,0,65999.60791265624,30632,0,100000000000000,15625
835,6,9,15610,0,65999.60791265624,30632,0,100000000000000,15625
836,7,9,14468,0,65999.60791265624,29491,0,100000000000000,14484
837,6,9,8002,0,65999.60791265624,23024,0,100000000000000,8017
838,7,9,4435,0,65999.60791265624,19458,0,100000000000000,4451
839,6,9,12644,0,65999.60791265624,27666,0,100000000000000,12659
840,6,9,15,0,65999.60791265624,15037,0,100000000000000,30
841,6,9,5167,0,65999.60795975,20189,0,100000000000000,5182
842,6,9,7187,0,65999.60809546872,22209,0,100000000000000,7202
843,6,9,14595,0,65999.60809546872,29617,0,100000000000000,14610
844,7,9,15610,0,65999.60809546872,30633,0,100000000000000,15626
845,5,9,1578,0,65999.60812250001,16599,0,100000000000000,1592
846,6,9,15609,0,65999.60812250001,30631,0,100000000000000,15624
847,7,9,15081,0,65999.60812250001,30104,0,100000000000000,15097
848,5,9,15611,0,65999.60812250001,30632,0,100000000000000,15625
849,5,9,9005,0,65999.60829587499,24026,0,100000000000000,9019
850,6,9,14412,0,65999.60829587499,29434,0,100000000000000,14427
851,7,9,16,0,65999.60829587499,15039,0,100000000000000,32
852,5,9,15611,0,65999.60829587499,30632,0,100000000000000,15625
853,7,9,15609,0,65999.60829587499,30632,0,100000000000000,15625
854,6,9,12153,0,65999.60829587499,27175,0,100000000000000,12168
855,5,9,15611,0,65999.60829587499,30632,0,100000000000000,15625
856,5,9,15610,0,65999.60832290625,30631,0,100000000000000,15624
857,6,9,6811,0,65999.60832290625,21833,0,100000000000000,6826
858,6,9,15610,0,65999.60838253124,30632,0,100000000000000,15625
859,5,9,14292,0,65999.60840956247,29313,0,100000000000000,14306
860,6,9,2969,0,65999.60840956247,17991,0,100000000000000,2984
861,7,9,6748,0,65999.60860996875,21771,0,100000000000000,6764
862,6,9,14143,0,65999.60860996875,29165,0,100000000000000,14158
863,7,9,16,0,65999.6087456875,15039,0,100000000000000,32
864,6,9,4866,0,65999.6087456875,19888,0,100000000000000,4881
865,5,9,1452,0,65999.6087456875,16473,0,100000000000000,1466
866,7,9,16,0,65999.6087456875,15039,0,100000000000000,32
867,6,9,15200,0,65999.6087456875,30222,0,100000000000000,15215
868,6,9,8700,0,65999.6087456875,23722,0,100000000000000,8715
869,6,9,15610,0,65999.6087456875,30632,0,100000000000000,15625
870,5,9,10660,0,65999.6087456875,25681,0,100000000000000,10674
871,6,9,1452,0,65999.6087456875,16474,0,100000000000000,1467
872,7,9,15609,0,65999.6087456875,30632,0,100000000000000,15625
873,6,9,15609,0,65999.6087456875,30631,0,100000000000000,15624
874,5,9,605,0,65999.6087456875,15626,0,100000000000000,619
875,5,9,5711,0,65999.6087456875,20732,0,100000000000000,5725
876,5,9,15608,0,65999.6087456875,30629,0,100000000000000,15622
877,6,9,14595,0,65999.6087456875,29617,0,100000000000000,14610
878,5,9,15611,0,65999.6087456875,30632,0,100000000000000,15625
879,6,9,14023,0,65999.6087456875,29045,0,100000000000000,14038
880,5,9,7045,0,65999.6087456875,22066,0,100000000000000,7059
881,6,9,4471,0,65999.6087456875,19493,0,100000000000000,4486
882,7,9,2969,0,65999.6087456875,17992,0,100000000000000,2985
883,6,9,8700,0,65999.60875478125,23722,0,100000000000000,8715
884,6,9,15610,0,65999.60875478125,30632,0,100000000000000,15625
885,6,9,15,0,65999.60875478125,15037,0,100000000000000,30
886,5,9,2897,0,65999.60875478125,17918,0,100000000000000,2911
887,5,9,15611,0,65999.60875478125,30632,0,100000000000000,15625
888,5,9,14,0,65999.60875478125,15035,0,100000000000000,28
889,6,9,4292,0,65999.60875478125,19314,0,100000000000000,4307
890,5,9,5204,0,65999.60903274997,20225,0,100000000000000,5218
891,5,9,3931,0,65999.60903274997,18952,0,100000000000000,3945
892,7,9,10265,0,65999.60903274997,25288,0,100000000000000,10281
893,6,9,15610,0,65999.60903274997,30632,0,100000000000000,15625
894,5,9,15610,0,65999.60903274997,30631,0,100000000000000,15624
895,7,9,15609,0,65999.60903274997,30632,0,100000000000000,15625
896,7,9,16,0,65999.60903274997,15039,0,100000000000000,32
897,6,9,15611,0,65999.60903274997,30633,0,100000000000000,15626
898,6,9,14564,0,65999.60903274997,29586,0,100000000000000,14579
899,7,9,15609,0,65999.60903274997,30632,0,100000000000000,15625
900,7,9,11213,0,65999.60903274997,26236,0,100000000000000,11229
901,5,9,7247,0,65999.60903274997,22268,0,100000000000000,7261
902,6,9,4887,0,65999.60903274997,19909,0,100000000000000,4902
903,5,9,6973,0,65999.60903274997,21994,0,100000000000000,6987
904,6,9,6528,0,65999.60903274997,21550,0,100000000000000,6543
905,6,9,4292,0,65999.60904184374,19314,0,100000000000000,4307
906,7,9,10095,0,65999.60904184374,25118,0,100000000000000,10111
907,5,9,11293,0,65999.609874875,26314,0,100000000000000,11307
908,5,9,15611,0,65999.609874875,30632,0,100000000000000,15625
909,6,9,8718,0,65999.609874875,23740,0,100000000000000,8733
910,6,9,13961,0,65999.609874875,28983,0,100000000000000,13976
911,7,9,6509,0,65999.609874875,21532,0,100000000000000,6525
912,7,9,15609,0,65999.60990190624,30632,0,100000000000000,15625
913,7,9,10571,0,65999.60990190624,25594,0,100000000000000,10587
914,7,9,6527,0,65999.60990190624,21550,0,100000000000000,6543
915,5,9,15611,0,65999.60990190624,30632,0,100000000000000,15625
916,5,9,9653,0,65999.60990190624,24674,0,100000000000000,9667
917,5,9,15611,0,65999.60990190624,30632,0,100000000000000,15625
918,6,9,13524,0,65999.60990190624,28546,0,100000000000000,13539
919,5,9,6254,0,65999.61016193747,21275,0,100000000000000,6268
920,7,9,15609,0,65999.61016193747,30632,0,100000000000000,15625
921,7,9,11295,0,65999.61016193747,26318,0,100000000000000,11311
922,6,9,7041,0,65999.61016193747,22063,0,100000000000000,7056
923,5,9,15610,0,65999.61018896874,30631,0,100000000000000,15624
924,5,9,6511,0,65999.61018896874,21532,0,100000000000000,6525
925,6,9,12153,0,65999.61103109374,27175,0,100000000000000,12168
926,6,9,8330,0,65999.61103109374,23352,0,100000000000000,8345
927,5,9,14,0,65999.61103109374,15035,0,100000000000000,28
928,6,9,4435,0,65999.61131815624,19457,0,100000000000000,4450
929,5,9,15611,0,65999.61131815624,30632,0,100000000000000,15625
